﻿{"cameraMode":{"drawMode":0,"name":"Shaded","section":"Shading Mode"},"sceneLighting":true,"audioPlay":false,"sceneViewState":{"showFog":true,"showMaterialUpdate":false,"showSkybox":true,"showFlares":true,"showImageEffects":true,"showParticleSystems":true},"in2DMode":false,"pivot":{"x":5.185903549194336,"y":8.03105354309082,"z":-22.228076934814454},"rotation":{"x":-0.24305734038352967,"y":0.5213454365730286,"z":-0.15782438218593598,"w":-0.8026664853096008},"size":10.952661514282227,"orthographic":false}