﻿{"cameraMode":{"drawMode":0,"name":"Shaded","section":"Shading Mode"},"sceneLighting":true,"audioPlay":false,"sceneViewState":{"showFog":true,"showMaterialUpdate":false,"showSkybox":true,"showFlares":true,"showImageEffects":true,"showParticleSystems":true},"in2DMode":false,"pivot":{"x":1.81190025806427,"y":3.051034688949585,"z":-18.098285675048829},"rotation":{"x":-0.0005895367357879877,"y":0.9992904663085938,"z":-0.03329841047525406,"w":-0.017687968909740449},"size":17.614561080932618,"orthographic":false}