﻿{"cameraMode":{"drawMode":0,"name":"Shaded","section":"Shading Mode"},"sceneLighting":true,"audioPlay":false,"sceneViewState":{"showFog":true,"showMaterialUpdate":false,"showSkybox":true,"showFlares":true,"showImageEffects":true,"showParticleSystems":true},"in2DMode":false,"pivot":{"x":-3.5722923278808595,"y":0.7712440490722656,"z":-9.611337661743164},"rotation":{"x":0.20200809836387635,"y":0.6714777946472168,"z":-0.19804725050926209,"w":0.6849103569984436},"size":27.122005462646486,"orthographic":false}