﻿{"cameraMode":{"drawMode":0,"name":"Shaded","section":"Shading Mode"},"sceneLighting":true,"audioPlay":false,"sceneViewState":{"showFog":true,"showMaterialUpdate":false,"showSkybox":true,"showFlares":true,"showImageEffects":true,"showParticleSystems":true},"in2DMode":false,"pivot":{"x":-0.28800010681152346,"y":1.6469998359680176,"z":-15.230998992919922},"rotation":{"x":0.18022534251213075,"y":-0.004174092318862677,"z":0.0007189958123490214,"w":0.9836505651473999},"size":2.8578836917877199,"orthographic":false}